Name,Website,Awwwards Profile,Qualit√©,Email,Date mail 1,R√©ponse,R√©ponse finale,Langue,Tech,Lien candidature / source,Commentaire,Mail envoy√©
Locomotive,https://locomotive.ca/,https://www.awwwards.com/locomotive/,20,"info@locomotive.ca / jeff@locomotive.ca
",12/01/2026,FALSE,,FR,"lenis, gsap, three (react?)",https://locomotive.ca/en/careers,"Depuis leurs site web; Developer front end, canada","Chez Locomotive, nous cr√©ons des exp√©riences num√©riques sur-mesure, performantes et soign√©es. Nous recherchons un¬∑e d√©veloppeur¬∑se front-end exp√©riment√©¬∑e pour rejoindre notre √©quipe et contribuer √† la r√©alisation de sites web de haute qualit√©.
T√¢ches et responsabilit√©s

    Int√©grer des maquettes avec pr√©cision et fid√©lit√©, tout en veillant √† la performance et √† l‚Äôaccessibilit√©.
    Proposer et impl√©menter des animations √©l√©gantes, pertinentes et performantes pour enrichir l‚Äôexp√©rience utilisateur.
    √âvaluer les temps n√©cessaires √† la r√©alisation de ses projets et les planifier conjointement avec le producteur/la productrice
    Travailler avec des CMS modernes (Storyblok, Craft, Sanity, Dato, etc.) et des solutions comme WordPress, que ce soit en headless ou non.
    Collaborer en √©quipe via GitHub/Bitbucket (GitFlow, PRs, code reviews) et contribuer √† l‚Äôam√©lioration continue de nos outils internes
    S‚Äôassurer de la compatibilit√© de son code avec les navigateurs modernes et offrir une exp√©rience utilisateur optimale sur les diff√©rentes plateformes
    √ätre √† l‚Äô√©coute et supporter ses coll√®gues face aux probl√©matiques
    Participer √† la d√©finition et √† l‚Äôam√©lioration des bonnes pratiques en mati√®re de performance et accessibilit√©
    Assurer la maintenance et l‚Äô√©volution des sites existants en respectant les standards et le workflow de l‚Äôagence.
    Participer √† l‚Äôam√©lioration continue des outils internes
    Effectuer une veille technologique r√©guli√®re pour rester √† la pointe des tendances et innovations front-end.

Ce que nous recherchons

    3 ans et plus d‚Äôexp√©rience en d√©veloppement front-end.
    √Ä l‚Äôaise √† l‚Äôoral en Fran√ßais, compr√©hension et expression.
    Une personne bas√©e ou ouverte √† s'installer autour de Montr√©al (QC - Canada)
    Excellente ma√Ætrise de HTML, CSS et JavaScript Vanilla.
    Exp√©rience avec Astro, les Web Components et Vite.
    Exp√©rience avec TailwindCSS, PostCSS et la nomenclature BEM.
    Exp√©rience avec des CMS headless modernes et WordPress.
    Exp√©rience avec GSAP (et/ou autres librairies d‚Äôanimations) et les transitions de page asynchrones (avec Barba / Swup / Taxi / Highway / Autre)
    Grand sens du d√©tail et de la finition, avec une passion pour les interfaces soign√©es et les animations.
    Ma√Ætrise des meilleures pratiques en performance web, accessibilit√© et SEO, avec une sensibilit√© accrue √† ces aspects.
    Excellente communication et capacit√© √† travailler en √©quipe sur plusieurs projets en parall√®le.

Ce qui serait un plus

    Exp√©rience avec des frameworks comme React/Next.js, Vue/Nuxt, ou Svelte.
    Connaissance de technologies e-commerce (Shopify, Stripe).
    Exp√©rience en 3D (ThreeJS, OGL, WebGPU, etc) et/ou en GLSL

Pourquoi nous rejoindre ?

    Travailler sur des projets vari√©s, avec une stack moderne et optimis√©e.
    √âvoluer au sein d‚Äôune agence reconnue pour son excellence dans le web et en front-end.
    Une √©quipe talentueuse et bienveillante, o√π la qualit√© prime sur la quantit√©.
    Un environnement qui encourage la veille, l‚Äôexp√©rimentation et la formation continue.
    Une flexibilit√© de travail avec un rythme adapt√© et des outils modernes.
"
Akufen,http://akufen.ca/,https://www.awwwards.com/akufen/,20,jobs@akufen.ca,12/01/2026,FALSE,,FR,"lenis, gsap, three, (nuxt)",spontann√©e,mail,"Hello √† toute la team !

Cela fait tr√®s longtemps (plus de 5 ans) que je me balade sur Awwward. Et que je regarde votre travail gr√¢ce √† √ßa et je suis impressionn√© √† chaque fois. Je me suis toujours dit que je vous contacterais le jour o√π je me sentirais l√©gitime de le faire.

Je r√™verais de travailler avec une agence comme la v√¥tre et de venir m‚Äôinstaller au Canada !

Moi, c‚Äôest Andy, et je me dis ... ""why not"", j‚Äôai 7 ans d‚Äôexp√©rience en informatique, un master d‚Äôing√©nierie, et j‚Äôai travaill√© dans de nombreux environnements diff√©rents.
ESN, Startup, client final, et agence.


Je pense que mon profil peut vous int√©resser : j‚Äôai un parcours sympa, incluant une exp√©rience de plus d‚Äôun an dans une agence am√©ricaine, Wildlife.la, o√π j‚Äôai travaill√© sur NextJS, puis sur React. J‚Äôai √©galement eu l‚Äôoccasion de cr√©er plusieurs SaaS, des plateformes e-commerce et des sites web en freelance pendant +7 ans, mais la liste serait trop longue pour tout d√©tailler ici !

Je vous laisse donc d√©couvrir mon portfolio ici : 
https://andy-cinquin.fr ( ) ou https://andy-cinquin.com ( )

Et vous trouverez √©galement toutes les infos n√©cessaires sur mon GitHub : 
https://github.com/CinquinAndy par rapport √† l'aspect tech pur !

C√¥t√© stack, je suis particuli√®rement √† l‚Äôaise avec l‚Äô√©cosyst√®me JS/TS (NextJS) et les CMS Headless comme Strapi, Payload ou Directus. 

J'ai tr√®s envie de collaborer avec les cracks de notre domaine, et c‚Äôest clairement votre cas. Votre approche et la qualit√© de vos r√©alisations me parlent √©norm√©ment. J'ai vu pas mal de vos r√©alisations, qui disent du bien (beaucoup de bien m√™me!) de vous, alors je me lance : qui ne tente rien n‚Äôa rien comme on dit ;d !

En vous souhaitant une tr√®s agr√©able journ√©e,
Andy 
"
CUSP,http://heycusp.com/,https://www.awwwards.com/CUSP/,16,say@heycusp.com,12/01/2026,FALSE,,EN,react,spontann√©e,mail,
Deux Huit Huit,http://deuxhuithuit.com/,https://www.awwwards.com/Deux.Huit.Huit/,15,info@deuxhuithuit.com,12/01/2026,FALSE,,FR,vercel (prob next),spontann√©e,mail,
REF Digital,https://ref.digital/,https://www.awwwards.com/ref.digital/,14,info@ref.digital,12/01/2026,FALSE,,FR,storyblock + nuxtjs (vue),spontann√©e,mail,
MILL3,https://mill3.studio/en/,https://www.awwwards.com/MILL3/,19,info@mill3.studio,12/01/2026,FALSE,,FR,wordpress,spontann√©e,mail,
Tux Creative House,https://tux.co/en/,https://www.awwwards.com/tuxcreative/,19,hello@tux.co,13/01/2026,FALSE,,EN,nuxtjs + threejs,,,
Leeroy,http://www.leeroy.ca/,https://www.awwwards.com/LEEROY/,17,hello@leeroy.ca,13/01/2026,FALSE,,FR,"craft lottie, lenis, ( php + probably react ) ",,,
Daybreak Studio,https://daybreak.studio/,https://www.awwwards.com/DaybreakStudio/,,hello@daybreak.studio,13/01/2026,FALSE,,EN,sanity + nextjs,,,
Mambo Mambo,https://mambomambo.ca/,https://www.awwwards.com/mambo/,17,allo@mambomambo.ca,13/01/2026,FALSE,,FR,craft + react? ( maybe ) - php,,,
Stereo,https://stereo.ca/,https://www.awwwards.com/enstereo/,17,jobs@stereo.ca,13/01/2026,FALSE,,FR,wordpress,,,
EXECUTIVE,https://www.executiveagency.ca/,https://www.awwwards.com/EXECUTIVEAGENCY/,17,hello@executiveagency.ca,13/01/2026,FALSE,,EN,wordpress,,,
Department Maison de Cr√©ation,https://department.global/,https://www.awwwards.com/DepartmentMaisondeCreation/,19,contact@department.global,13/01/2026,FALSE,,FR,native ? aucune id√©e ,,,
The Digital Panda,https://www.thedigitalpanda.com/,https://www.awwwards.com/digitalpanda/,15,info@thedigitalpanda.com,13/01/2026,FALSE,,EN,webflow,,,
NOTHING,http://madebynothing.com/,https://www.awwwards.com/madebynothing/,15,hello@madebynothing.com,13/01/2026,FALSE,,EN,react/framer/motion/lenis,,,
Pact,https://workwithpact.com/,https://www.awwwards.com/pact/,15,careers@workwithpact.com,13/01/2026,FALSE,,EN,shopify,,,
Atoll Digital,https://atolldigital.com/,https://www.awwwards.com/AtollDigital/,14,info@atolldigital.com,13/01/2026,FALSE,,FR,wordpress,,,
Otherlife,https://www.otherlife.xyz/,https://www.awwwards.com/Otherlife/,15,hiring@otherlife.xyz,13/01/2026,FALSE,,EN,nextjs + theatre js ,,,
QuatreCentQuatre,https://quatrecentquatre.com/,https://www.awwwards.com/QuatreCentQuatre/,18,carrieres@quatrecentquatre.com,13/01/2026,TRUE,"""""""Bonjour Andy,

Merci de nous avoir soumis ta candidature, ainsi que pour les bons mots :)

Je souhaite t‚Äôinformer qu‚Äôactuellement nous n‚Äôavons aucun poste ouvert au sein de l‚Äô√©quipe de d√©veloppement et nous ne sommes pas en recherches.

Je garde tout de m√™me ton profil en note et je me permettrai de te recontacter si notre situation venait √† changer prochainement.

Merci et au plaisir!

Olivier Simoneau""""""",FR,craft (php),,,
Metalab,https://www.metalab.com/,https://www.awwwards.com/Metalab/,19,onejobplz@metalab.com,13/01/2026,TRUE,Keep in touch pls,EN,sanity + nextjs,,,
Instynct,https://instynctweb.com/,https://www.awwwards.com/Instynctweb/,18,allo@instynctweb.com,13/01/2026,FALSE,,FR,wordpress,,site marrant avec les croissants et tout :d,
fatfish,https://fatfish.ca/,https://www.awwwards.com/fatfishweb/,20,,13/01/2026,FALSE,,FR,wordpress,https://fatfish.ca/en/careers/web-development/,"sketchy trop cool , depuis website",
equalparts.studio,http://equalparts.studio/,https://www.awwwards.com/equalpartsstudio/,15,hello@equalparts.studio,13/01/2026,FALSE,,EN,native ? aucune id√©e ,,,
DACTYLO,https://dactylocommunication.com/,https://www.awwwards.com/DACTYLO/,15,info@dactylocommunication.com,13/01/2026,FALSE,,FR,wordpress,,,
MARK√âTIKA,https://marketika.co/careers,https://www.awwwards.com/marketika/,15,hello@marketika.co,13/01/2026,FALSE,,EN,tilda cms ,,,
edifian,https://edifian.com/,https://www.awwwards.com/edifian/,16,hello@edifian.com,13/01/2026,FALSE,,EN,wordpress,,,
MOONBASE¬Æ,http://reachmoonbase.com/,https://www.awwwards.com/reachmoonbase/,12,contact@reachmoonbase.com,13/01/2026,FALSE,,EN,webflow,,,
Flipp Advertising,https://flippadvertising.com/,https://www.awwwards.com/FlippAdvertising/,14,pushstart@thinkflipp.com,13/01/2026,FALSE,,EN,wordpress,,,
FOE Creative,https://foecreative.com/,https://www.awwwards.com/FOE/,15,hello@foecreative.com,13/01/2026,TRUE,,EN,wordpress,,"int√©ress√© par next+react -> veut orga un call, en attente de leurs r√©ponse","Dommage sur le timing, √ßa va pas le faire de leurs c√¥t√© snif"
St≈çkt Creative Co.,https://wearestokt.com/,https://www.awwwards.com/wearestokt/,16,hello@stokt.ca,13/01/2026,FALSE,,EN,react + framer,,,
Acolyte,http://acolyte.ws/,https://www.awwwards.com/Acolyte/,15,info@acolyte.ws,13/01/2026,FALSE,,FR,nuxtjs + threejs,,,
Context Creative,http://www.contextcreative.com/,https://www.awwwards.com/ContextCreative/,12,info@contextcreative.com,12/01/2026,FALSE,,EN,wordpress,,website link brkn,
The West Harbour,https://thewestharbour.com/,https://www.awwwards.com/thewestharbour/,14,contact@thewestharbour.com,13/01/2026,FALSE,,EN,wordpress,,,
Channel 13,https://channel13.ca/,https://www.awwwards.com/Channel-13/,14,info@channel13.ca,13/01/2026,FALSE,,EN,wordpress,,,
Duxica,https://www.duxica.com/contact,https://www.awwwards.com/duxica/,14,duxica@gmail.com,13/01/2026,FALSE,,EN,webflow,,,
Ripple_CA,https://weareripple.ca/,https://www.awwwards.com/ripple-ca/,16,office@weareripple.ca,13/01/2026,FALSE,,EN,wordpress,,,
Belowe,https://belowe.co/,https://www.awwwards.com/beloweco/,14,hello@belowe.co,13/01/2026,FALSE,,EN,wordpress,,,
HausofPark,https://hausofpark.com/,https://www.awwwards.com/HausofPark/,15,info@hausofpark.com,13/01/2026,FALSE,,EN,nextjs,,,
lift.digital,https://liftinteractive.com/,https://www.awwwards.com/lift.digital/,16,hello@liftinteractive.com,13/01/2026,FALSE,,EN,nextjs,,,
Diapason,https://collectifdiapason.com/,https://www.awwwards.com/Diapason/,17,bonjour@collectifdiapason.com,13/01/2026,TRUE,"Bonjour Andy!

Merci du fond du c≈ìur pour ton message. Je trouve √ßa v√©ritablement beau de voir des gens nous √©crire de fa√ßon spontan√©e comme tu l'as fait. √áa prend aussi du courage, bravo! üôÇ

De notre c√¥t√©, nous n'avons pas de demande pressante √† onboarder avec nous un nouveau dev, donc malheureusement pour le moment √ßa ne sera pas le bon timing pour toi. 

Par contre, nous pouvons t'ajouter dans notre banque de candidats potentiels et revenir vers toi, lorsqu'on en aura besoin. 

Je te souhaite une excellente journ√©e! 

Merci,",FR,wordpress,,,
newkid¬Æ,https://newkid.services/,https://www.awwwards.com/newkid/,15,info@newkid.services,13/01/2026,TRUE,,EN,wordpress,,,
seoplus+,https://seoplus.com/,https://www.awwwards.com/seopluscanada/,15,info@seoplus.com,13/01/2026,FALSE,,EN,wordpress,,,
Pixel Firme cr√©ative,http://agencepixel.ca/,https://www.awwwards.com/agencepixel/,18,info@agencepixel.ca,13/01/2026,FALSE,,FR,sanity + nextjs,,,
Webgamma,https://webgamma.ca/,https://www.awwwards.com/webgamma/,16,team@webgamma.ca,13/01/2026,FALSE,,EN,wordpress,,,
ImageX,http://imagexmedia.com/,https://www.awwwards.com/ImageX/,12,hello@imagexmedia.com,13/01/2026,FALSE,,EN,drupal,,,
ZenBDC,https://www.zenbranding.ca/,https://www.awwwards.com/ZenBDC/,16,-,12/01/2026,FALSE,,FR,wordpress,https://www.zenbranding.ca/agence-de-branding/,par leurs site,
jim-morris,https://www.ventureweb.net/,https://www.awwwards.com/jim-morris/,16,hello@ventureweb.net,13/01/2026,FALSE,,EN,gatsby,,,
Craft Innovations,https://craftinnovations.global/,https://www.awwwards.com/craftinnovations/,12,bizdev@craftinnovations.global,13/01/2026,FALSE,,EN,wordpress,,,
Explore Agency,https://explore.agency/,https://www.awwwards.com/explore.agency/,15,ca@explore.agency,13/01/2026,FALSE,,EN,wordpress,,,
Takt,http://www.takt.com/,https://www.awwwards.com/taktagency/,15,hello@takt.com,13/01/2026,FALSE,,EN,wordpress,,,
21phi,https://21phi.com/,https://www.awwwards.com/21phi/,14,admin@21phi.com,13/01/2026,FALSE,,EN,nextjs,,,
Ascend,https://www.ascendtogether.com/,https://www.ascendtogether.com/ascend-jobs/?gh_jid=4825955007&gh_src=oe7esff97us,12,-> linkedin,13/01/2026,FALSE,,EN,nextjs/react/js ecosystem,,,
Samsara,,https://www.linkedin.com/jobs/search/post-apply/default/?currentJobId=4294708349&distance=25.0&f_TPR=r604800&geoId=101174742&keywords=product%20engineer&origin=JOBS_HOME_KEYWORD_HISTORY&postApplyJobId=4294708349,,-> linkedin,13/01/2026,FALSE,,EN,js/ts ecosystem ,,,
Wanderlog,,https://app.dover.com/apply/wanderlog/525ddbcc-28c3-4b10-92ac-9ad356e35593?rs=42706078,,-> linkedin + leur site,13/01/2026,FALSE,,EN,js/ts/react/node/react native,,,
HelloFresh,,https://careers.hellofresh.com/global/en/applythankyou?status=success&jobId=7308659&jobTitle=Software%20Developer&jobSeqNo=HELLGLOBAL7308659EXTERNALENGLOBAL&candidateId=contact%40andy-cinquin.fr,,-> linkedin + leur site,13/01/2026,FALSE,,EN,js/ts/nextjs,,,
Phoenix,,https://jobs.ashbyhq.com/phoenix/1d3aa192-4039-4cda-86ab-49494dbad1be?source=LinkedIn,,-> linkedin + leur site,13/01/2026,FALSE,,EN,react/ts,,,
Cohere,,https://jobs.ashbyhq.com/cohere/f5f727bc-9eab-4fcc-9fdd-92a9ce47c37c/application?utm_source=jKNDxYPz51,,-> linkedin + leur site,13/01/2026,FALSE,,EN,react/ts,,,
Cloud Imperium Games Montreal (Star Citizen),,https://cloudimperiumgames.wd503.myworkdayjobs.com/en-US/CIG_Global_Careers/job/Montreal/Dveloppeurse-Fullstack---Fullstack-Developer_JR101305-1/apply/autofillWithResume?source=linkedin,,-> linkedin + leur site,13/01/2026,FALSE,,EN/FR,react/ts/appolo graph,,,
Canny,,https://www.linkedin.com/jobs/search/?currentJobId=4361506794&distance=25.0&f_TPR=r86400&geoId=101174742&keywords=developer%20nextjs&origin=JOB_SEARCH_PAGE_JOB_FILTER&sortBy=DD,,-> Linkedin + leur site,14/01/2026,FALSE,,EN,ts/react,,,
EviSmart,,https://job-boards.greenhouse.io/evismart/jobs/4019542009,,-> Linkedin + leur site,14/01/2026,FALSE,,EN,next,,,
Github,,https://www.linkedin.com/jobs/search/?currentJobId=4346140954&distance=25.0&f_TPR=r86400&geoId=101174742&keywords=developer%20nextjs&origin=JOB_SEARCH_PAGE_JOB_FILTER,,-> Linkedin + leur site,14/01/2026,FALSE,,EN,react+,,,
Osedea,https://www.osedea.com/fr/destination/developpement-logiciel,,,depuis leur site,14/01/2026,FALSE,,FR,js,,,
Spiria,,https://jobs.lever.co/spiria/e66694c9-e8f3-442b-9bfd-e2575ffa2e5e/thanks,,depuis leur site ,14/01/2026,FALSE,,EN,react,,,
Civilia,depuis https://www.quebecemploi.gouv.qc.ca/plateforme-emploi,https://civilia.ca/carriere/developpeurse-front-end/,,info@civilia.ca,14/01/2026,FALSE,,FR,react,,,
GESTION PLANIFIX INC. (PlanOps),https://planops.net/,,,info@planops.net,14/01/2026,FALSE,,FR,svelte js,,,
Mindsea,,,,jobs@mindsea.com,15/01/2026,FALSE,,EN,,,,
Data rocket,,,,hello@datarockets.com,15/01/2026,FALSE,,EN,,,,
Gravit-e,,,,sales@gravit-e.ca,15/01/2026,FALSE,,EN,,,,
Iversoft,,,,info@iversoft.ca,15/01/2026,FALSE,,EN,,,,
Essential Design,,,,admin@essentialdesigns.net,15/01/2026,FALSE,,EN,,,,
Technorely,,,,info@technorely.com,15/01/2026,FALSE,,EN,,,,
247 labs,,,,hello@247labs.com,15/01/2026,FALSE,,EN,,,,
Danavero,,,,info@danavero.com,15/01/2026,FALSE,,EN,,,,
Appstudio,,,,info@appstudio.ca,15/01/2026,FALSE,,EN,,,,
Direct Impact Solutions,,,,jobs@directimpactsolutions.com,15/01/2026,FALSE,,EN,,,,
ITechno Labs,,,,hello@itechnolabs.ca,15/01/2026,FALSE,,EN,,,,
Robots and Pencil,via leurs site,,,,14/01/2026,FALSE,,EN,,,,
Vertical motion,https://www.verticalmotion.ca/contact/career-inquiries/thank-you/,depuis leurs site,,,15/01/2026,FALSE,,,,,,
PunchCard,https://jobs.punchcardsystems.com/intermediate-senior-full-stack-developer-266342/?ref=aHR0cHM6Ly9wdW5jaGNhcmQuaW8vYWJvdXQvY2FyZWVycy8=,depuis leurs site,,,15/01/2026,FALSE,,,,,,
Evenset,depuis leurs site web ( form ) ,,,,15/01/2026,FALSE,,,,,,
Gray Cian ai,,,,sales@graycyan.us,19/01/2026,FALSE,,,,,,
Webisoft,,,,info@webisoft.com,19/01/2026,FALSE,,,,,,
Paradem,,,,info@paradem.com,19/01/2026,FALSE,,,,,,
Codepaper,,,,Info@codepaper.com,19/01/2026,FALSE,,,,,,
Intergalactic,,,,info@intergalactic.com,19/01/2026,FALSE,,,,,,
Therefore,,,,hello@therefore.ca,19/01/2026,FALSE,,,,,,
CCtech (convergence),,,,inquiry@cctech.io,19/01/2026,FALSE,,,,,,
The AppLab,,,,info@theapplabb.com,19/01/2026,FALSE,,,,,,
Dev Fortress,,,,info@devfortress.com,19/01/2026,FALSE,,,,,,
Alto Leap,,,,info@altoleap.com,19/01/2026,FALSE,,,,,,
CS Web Solutions,,,,info@cswebsolutions.ca,19/01/2026,FALSE,,,,,,
Fabled Solutions,,,,info@fabledsolutions.com,19/01/2026,FALSE,,,,,,
Versett,,,,hi@versett.com,19/01/2026,FALSE,,,,,,
Orthoplex,,,,info@orthoplexsolutions.com,19/01/2026,FALSE,,,,,,
Orione Solutions,,,,info@orionesolutions.com,19/01/2026,FALSE,,,,,,
Fireflower,,,,hello@fireflower.io,19/01/2026,FALSE,,,,,,
Pyramidions,,,,hr@pyramidions.com,19/01/2026,FALSE,,,,,,
TTT Studios,,,,info@ttt.studio,19/01/2026,FALSE,,,,,,
Stack fee,,,,info@stackfee.com,19/01/2026,FALSE,,,,,,
Brainyyack,,,,info@brainyyack.com,19/01/2026,FALSE,,,,,,
Ingeno,,,,info@ingeno.ca,19/01/2026,FALSE,,,,,,
Deltaliz,,,,contact@deltalyz.com,19/01/2026,FALSE,,,,,,
Architech.ca,,,,infopoland@architech.ca,19/01/2026,FALSE,,,,,,
Nexxt idea,,,,start@nexxtideas.com,19/01/2026,FALSE,,,,,,
Chrono Innovation,,,,grow@chronoinnovation.com,19/01/2026,FALSE,,,,,,
Aligned.net,,,,hello@aligned.net,19/01/2026,FALSE,,,,,,
Canadian agency,,,,sales@canadian.agency,19/01/2026,FALSE,,,,,,
Cloudonic,,,,info@cloudnonic.com,19/01/2026,FALSE,,,,,,
E monster,,,,info@emonster.ca,19/01/2026,FALSE,,,,,,
Zennaxx,,,,sales@zennaxx.com,19/01/2026,FALSE,,,,,,
BSD XR,,,,info@bsdxr.com,19/01/2026,FALSE,,,,,,
We wear many hats,,,,contact@wewearmanyhats.com,19/01/2026,FALSE,,,,,,
Calibre Consulting,,,,info@calibreconsulting.ca,19/01/2026,FALSE,,,,,,
Webdesk solutions,,,,sales@webdesksolution.com,19/01/2026,FALSE,,,,,,
Hooman,,,,hello@hooman.com,19/01/2026,FALSE,,,,,,
Telkoware,,,,info@telkoware.com,19/01/2026,FALSE,,,,,,
Footprint,,,,hello@footprint.io,19/01/2026,FALSE,,,,,,
Paperleaf,,,,sales@paper-leaf.com,19/01/2026,FALSE,,,,,,
RaccooPack Media,,,,info@raccoopack.media,19/01/2026,FALSE,,,,,,
Aveo Software,,,,sales@aveosoftware.ca,19/01/2026,FALSE,,,,,,
Uniridge,,,,hello@uniridge.co,19/01/2026,FALSE,,,,,,
Falcon Software,,,,general@falcon-software.com,19/01/2026,FALSE,,,,,,
YounSeagull,,,,hello@youngseagull.com,19/01/2026,FALSE,,,,,,
Astound Group,,,,info@astoundgroup.com,19/01/2026,FALSE,,,,,,
Nextapp,,,,contact@nexapp.ca,19/01/2026,FALSE,,,,,,
Scaling Process,,,,gabriel@scalingprocess.io,19/01/2026,FALSE,,,,,,
Idea Theorem,,,,inquiries@ideatheorem.com,19/01/2026,FALSE,,,,,,
MintMedia Services,,,,info@mintmediaservices.com,19/01/2026,FALSE,,,,,,
Openmindt,,,,recrutement@openmindt.com,19/01/2026,FALSE,,,,,,
diffAgency,,,,hello@diffagency.com,19/01/2026,FALSE,,,,,,
Oracast,,,,sales@oracast.com,19/01/2026,FALSE,,,,,,
Red Cherry,,,,Info@redcherry.ca,19/01/2026,FALSE,,,,,,
Avivi,,,,hello@avivi.pro,19/01/2026,FALSE,,,,,,
Plutosec,,,,contact@plutosec.ca,19/01/2026,FALSE,,,,,,
Cemiar,,,,info@cemiar.com,19/01/2026,FALSE,,,,,,
Simplistics CA,,,,help@simplistics.ca,19/01/2026,FALSE,,,,,,
Kalmars,,,,info@kalmars.lv,19/01/2026,FALSE,,,,,,
App-scooop,,,,info@app-scoop.com,19/01/2026,FALSE,,,,,,
Dimonoff,,,,info@dimonoff.com,19/01/2026,FALSE,,,,,,
Room4,,,,hi@room4.team,19/01/2026,FALSE,,,,,,
Olyras,,,,info@olyras.com,19/01/2026,FALSE,,,,,,
Streamline your business,,,,info@streamlineyourbusiness.ca,19/01/2026,FALSE,,,,,,
Fintelics,,,,info@fintelics.com,19/01/2026,FALSE,,,,,,
Aivia,,,,info@aivia.ca,19/01/2026,FALSE,,,,,,
DesignOgraphy,,,,info@designography.ca,19/01/2026,FALSE,,,,,,
LilHorse,,,,general@lilhorselab.com,19/01/2026,FALSE,,,,,,
Input Logic,,,,careers@inputlogic.ca,19/01/2026,FALSE,,,,,,
Emids,,depuis leur site,,,15/01/2026,FALSE,,,,,,
Warner bros,,via linkedin ,,,19/01/2026,FALSE,,,,,,
Clera,,via linkedin (funding engineer) ,,,19/01/2026,FALSE,,,,,,
Mattr,,via linkedin,,,19/01/2026,FALSE,,,,,,
Lumenalta Js eng,,via linkedin + leurs site ( recrutement boite),,,19/01/2026,FALSE,,,,,,
Hunterbond,,via linkedin candi simplifi√©e,,,19/01/2026,FALSE,,,,,,